antecedents,consequents,antecedent support,consequent support,support,confidence,lift,representativity,leverage,conviction,zhangs_metric,jaccard,certainty,kulczynski,antecedents_str,consequents_str,rule_str
frozenset({'WOODEN HEART CHRISTMAS SCANDINAVIAN'}),frozenset({'WOODEN STAR CHRISTMAS SCANDINAVIAN'}),0.02824482548138283,0.026580100993285612,0.020420620387325897,0.7229862475442044,27.200282185791455,1.0,0.019669870073493016,3.51397679854197,0.9912328750968282,0.5935483870967742,0.7154221392654263,0.7456267354631252,WOODEN HEART CHRISTMAS SCANDINAVIAN,WOODEN STAR CHRISTMAS SCANDINAVIAN,WOODEN HEART CHRISTMAS SCANDINAVIAN → WOODEN STAR CHRISTMAS SCANDINAVIAN
frozenset({'WOODEN STAR CHRISTMAS SCANDINAVIAN'}),frozenset({'WOODEN HEART CHRISTMAS SCANDINAVIAN'}),0.026580100993285612,0.02824482548138283,0.020420620387325897,0.7682672233820459,27.20028218579145,1.0,0.019669870073493016,4.193429987337095,0.9895376871904945,0.5935483870967742,0.7615317286756423,0.7456267354631252,WOODEN STAR CHRISTMAS SCANDINAVIAN,WOODEN HEART CHRISTMAS SCANDINAVIAN,WOODEN STAR CHRISTMAS SCANDINAVIAN → WOODEN HEART CHRISTMAS SCANDINAVIAN
"frozenset({'GREEN REGENCY TEACUP AND SAUCER', 'ROSES REGENCY TEACUP AND SAUCER '})",frozenset({'PINK REGENCY TEACUP AND SAUCER'}),0.038843571388935134,0.03895455302147494,0.027301481604794408,0.7028571428571428,18.043003663003663,1.0,0.02578834764358069,3.234287561946959,0.9827503904044295,0.5406593406593407,0.6908128974784093,0.7018559218559219,"GREEN REGENCY TEACUP AND SAUCER, ROSES REGENCY TEACUP AND SAUCER ",PINK REGENCY TEACUP AND SAUCER,"GREEN REGENCY TEACUP AND SAUCER, ROSES REGENCY TEACUP AND SAUCER  → PINK REGENCY TEACUP AND SAUCER"
"frozenset({'PINK REGENCY TEACUP AND SAUCER', 'ROSES REGENCY TEACUP AND SAUCER '})",frozenset({'GREEN REGENCY TEACUP AND SAUCER'}),0.030242494867099495,0.05171744076355363,0.027301481604794408,0.9027522935779817,17.45547111863606,1.0,0.025737417167963114,9.751207448752142,0.9721104157711296,0.4994923857868021,0.8974485974936397,0.7153246446430681,"PINK REGENCY TEACUP AND SAUCER, ROSES REGENCY TEACUP AND SAUCER ",GREEN REGENCY TEACUP AND SAUCER,"PINK REGENCY TEACUP AND SAUCER, ROSES REGENCY TEACUP AND SAUCER  → GREEN REGENCY TEACUP AND SAUCER"
"frozenset({'PINK REGENCY TEACUP AND SAUCER', 'GREEN REGENCY TEACUP AND SAUCER'})",frozenset({'ROSES REGENCY TEACUP AND SAUCER '}),0.031962710171466624,0.05304922035403141,0.027301481604794408,0.8541666666666666,16.101399058577403,1.0,0.025605884749796234,6.493376774715212,0.9688610196506092,0.4730769230769231,0.8459969235276882,0.684405509065551,"GREEN REGENCY TEACUP AND SAUCER, PINK REGENCY TEACUP AND SAUCER",ROSES REGENCY TEACUP AND SAUCER ,"GREEN REGENCY TEACUP AND SAUCER, PINK REGENCY TEACUP AND SAUCER → ROSES REGENCY TEACUP AND SAUCER "
frozenset({'GREEN REGENCY TEACUP AND SAUCER'}),frozenset({'PINK REGENCY TEACUP AND SAUCER'}),0.05171744076355363,0.03895455302147494,0.031962710171466624,0.6180257510729614,15.865302079894358,1.0,0.029948080383107784,2.5159953836628803,0.9880698109895255,0.5444234404536863,0.6025429909397677,0.7192692857928911,GREEN REGENCY TEACUP AND SAUCER,PINK REGENCY TEACUP AND SAUCER,GREEN REGENCY TEACUP AND SAUCER → PINK REGENCY TEACUP AND SAUCER
frozenset({'PINK REGENCY TEACUP AND SAUCER'}),frozenset({'GREEN REGENCY TEACUP AND SAUCER'}),0.03895455302147494,0.05171744076355363,0.031962710171466624,0.8205128205128206,15.865302079894356,1.0,0.029948080383107784,5.2832885443173465,0.9749480339511519,0.5444234404536863,0.810723947478585,0.7192692857928911,PINK REGENCY TEACUP AND SAUCER,GREEN REGENCY TEACUP AND SAUCER,PINK REGENCY TEACUP AND SAUCER → GREEN REGENCY TEACUP AND SAUCER
frozenset({'SPACEBOY LUNCH BOX '}),frozenset({'DOLLY GIRL LUNCH BOX'}),0.03889906220520504,0.03878808057266522,0.023639087730980522,0.6077032810271041,15.667268708711651,1.0,0.02213026777196391,2.4502165655220423,0.9740627947825521,0.4373716632443532,0.5918728107256347,0.6085726705564705,SPACEBOY LUNCH BOX ,DOLLY GIRL LUNCH BOX,SPACEBOY LUNCH BOX  → DOLLY GIRL LUNCH BOX
frozenset({'DOLLY GIRL LUNCH BOX'}),frozenset({'SPACEBOY LUNCH BOX '}),0.03878808057266522,0.03889906220520504,0.023639087730980522,0.6094420600858369,15.66726870871165,1.0,0.02213026777196391,2.460840862705354,0.973950329386549,0.4373716632443532,0.5936348363052464,0.6085726705564705,DOLLY GIRL LUNCH BOX,SPACEBOY LUNCH BOX ,DOLLY GIRL LUNCH BOX → SPACEBOY LUNCH BOX 
frozenset({'WOODLAND CHARLOTTE BAG'}),frozenset({'STRAWBERRY CHARLOTTE BAG'}),0.03778924587980689,0.03734531934964763,0.020753565284945343,0.5491923641703378,14.70578840224912,1.0,0.019342313829581598,2.1354001222243975,0.9686023166737598,0.38163265306122457,0.5317036888813499,0.5524565089796711,WOODLAND CHARLOTTE BAG,STRAWBERRY CHARLOTTE BAG,WOODLAND CHARLOTTE BAG → STRAWBERRY CHARLOTTE BAG
frozenset({'STRAWBERRY CHARLOTTE BAG'}),frozenset({'WOODLAND CHARLOTTE BAG'}),0.03734531934964763,0.03778924587980689,0.020753565284945343,0.5557206537890045,14.705788402249118,1.0,0.019342313829581598,2.165778720812341,0.9681556474016022,0.38163265306122457,0.5382723126834862,0.5524565089796711,STRAWBERRY CHARLOTTE BAG,WOODLAND CHARLOTTE BAG,STRAWBERRY CHARLOTTE BAG → WOODLAND CHARLOTTE BAG
frozenset({'PINK REGENCY TEACUP AND SAUCER'}),frozenset({'ROSES REGENCY TEACUP AND SAUCER '}),0.03895455302147494,0.05304922035403141,0.030242494867099495,0.7763532763532764,14.634584093266103,1.0,0.02817598620007047,4.234136607079428,0.9694325212115241,0.48966756513926324,0.76382434182024,0.6732184791808222,PINK REGENCY TEACUP AND SAUCER,ROSES REGENCY TEACUP AND SAUCER ,PINK REGENCY TEACUP AND SAUCER → ROSES REGENCY TEACUP AND SAUCER 
frozenset({'ROSES REGENCY TEACUP AND SAUCER '}),frozenset({'PINK REGENCY TEACUP AND SAUCER'}),0.05304922035403141,0.03895455302147494,0.030242494867099495,0.5700836820083681,14.6345840932661,1.0,0.02817598620007047,2.235424446013308,0.9838618127666208,0.48966756513926324,0.5526576611509211,0.6732184791808222,ROSES REGENCY TEACUP AND SAUCER ,PINK REGENCY TEACUP AND SAUCER,ROSES REGENCY TEACUP AND SAUCER  → PINK REGENCY TEACUP AND SAUCER
frozenset({'GARDENERS KNEELING PAD CUP OF TEA '}),frozenset({'GARDENERS KNEELING PAD KEEP CALM '}),0.041618112202430495,0.04983075301037678,0.030020531602019864,0.7213333333333334,14.475665924276171,1.0,0.027946669732102403,3.4096982547474526,0.9713440553122343,0.4887082204155375,0.7067189160777901,0.6618916109873794,GARDENERS KNEELING PAD CUP OF TEA ,GARDENERS KNEELING PAD KEEP CALM ,GARDENERS KNEELING PAD CUP OF TEA  → GARDENERS KNEELING PAD KEEP CALM 
frozenset({'GARDENERS KNEELING PAD KEEP CALM '}),frozenset({'GARDENERS KNEELING PAD CUP OF TEA '}),0.04983075301037678,0.041618112202430495,0.030020531602019864,0.6024498886414253,14.47566592427617,1.0,0.027946669732102403,2.410719706560833,0.9797397172982303,0.4887082204155375,0.585186117955366,0.6618916109873794,GARDENERS KNEELING PAD KEEP CALM ,GARDENERS KNEELING PAD CUP OF TEA ,GARDENERS KNEELING PAD KEEP CALM  → GARDENERS KNEELING PAD CUP OF TEA 
frozenset({'STRAWBERRY CHARLOTTE BAG'}),frozenset({'CHARLOTTE BAG PINK POLKADOT'}),0.03734531934964763,0.03734531934964763,0.020087675489706455,0.5378900445765231,14.403144863764522,1.0,0.01869300261237929,2.0831723475166792,0.9666713694447239,0.36788617886178865,0.5199629060014713,0.5378900445765231,STRAWBERRY CHARLOTTE BAG,CHARLOTTE BAG PINK POLKADOT,STRAWBERRY CHARLOTTE BAG → CHARLOTTE BAG PINK POLKADOT
frozenset({'CHARLOTTE BAG PINK POLKADOT'}),frozenset({'STRAWBERRY CHARLOTTE BAG'}),0.03734531934964763,0.03734531934964763,0.020087675489706455,0.5378900445765231,14.403144863764522,1.0,0.01869300261237929,2.0831723475166792,0.9666713694447239,0.36788617886178865,0.5199629060014713,0.5378900445765231,CHARLOTTE BAG PINK POLKADOT,STRAWBERRY CHARLOTTE BAG,CHARLOTTE BAG PINK POLKADOT → STRAWBERRY CHARLOTTE BAG
frozenset({'RED RETROSPOT CHARLOTTE BAG'}),frozenset({'CHARLOTTE BAG PINK POLKADOT'}),0.050108207091726316,0.03734531934964763,0.026580100993285612,0.5304540420819491,14.204030152093322,1.0,0.024708793997406817,2.050182020347331,0.9786350960458428,0.4366453965360074,0.5122384305025827,0.621096263240083,RED RETROSPOT CHARLOTTE BAG,CHARLOTTE BAG PINK POLKADOT,RED RETROSPOT CHARLOTTE BAG → CHARLOTTE BAG PINK POLKADOT
frozenset({'CHARLOTTE BAG PINK POLKADOT'}),frozenset({'RED RETROSPOT CHARLOTTE BAG'}),0.03734531934964763,0.050108207091726316,0.026580100993285612,0.711738484398217,14.20403015209332,1.0,0.024708793997406817,3.295243178491073,0.9656603397574783,0.4366453965360074,0.6965322600385715,0.621096263240083,CHARLOTTE BAG PINK POLKADOT,RED RETROSPOT CHARLOTTE BAG,CHARLOTTE BAG PINK POLKADOT → RED RETROSPOT CHARLOTTE BAG
frozenset({'GREEN REGENCY TEACUP AND SAUCER'}),frozenset({'ROSES REGENCY TEACUP AND SAUCER '}),0.05171744076355363,0.05304922035403141,0.038843571388935134,0.7510729613733906,14.158039578357608,1.0,0.03610000147772281,3.8041298561639785,0.9800546717604475,0.5892255892255893,0.7371277958927556,0.741645267297574,GREEN REGENCY TEACUP AND SAUCER,ROSES REGENCY TEACUP AND SAUCER ,GREEN REGENCY TEACUP AND SAUCER → ROSES REGENCY TEACUP AND SAUCER 
frozenset({'ROSES REGENCY TEACUP AND SAUCER '}),frozenset({'GREEN REGENCY TEACUP AND SAUCER'}),0.05304922035403141,0.05171744076355363,0.038843571388935134,0.7322175732217574,14.158039578357608,1.0,0.03610000147772281,3.541242682148605,0.981433008245783,0.5892255892255893,0.7176132533810808,0.741645267297574,ROSES REGENCY TEACUP AND SAUCER ,GREEN REGENCY TEACUP AND SAUCER,ROSES REGENCY TEACUP AND SAUCER  → GREEN REGENCY TEACUP AND SAUCER
frozenset({'JUMBO BAG PEARS'}),frozenset({'JUMBO BAG APPLES'}),0.030408967315909217,0.049109372398867986,0.020642583652405528,0.6788321167883212,13.822862798465918,1.0,0.019149218352223538,2.9607276359398886,0.9567498610759828,0.35061262959472195,0.6622451900468217,0.5495855499195843,JUMBO BAG PEARS,JUMBO BAG APPLES,JUMBO BAG PEARS → JUMBO BAG APPLES
frozenset({'WOODLAND CHARLOTTE BAG'}),frozenset({'CHARLOTTE BAG SUKI DESIGN'}),0.03778924587980689,0.04461461628100549,0.022917707119471727,0.606461086637298,13.593327415784513,1.0,0.021231754414995575,2.427677038479982,0.9628186867967526,0.3852611940298507,0.5880835942551401,0.5600713393385495,WOODLAND CHARLOTTE BAG,CHARLOTTE BAG SUKI DESIGN,WOODLAND CHARLOTTE BAG → CHARLOTTE BAG SUKI DESIGN
frozenset({'CHARLOTTE BAG SUKI DESIGN'}),frozenset({'WOODLAND CHARLOTTE BAG'}),0.04461461628100549,0.03778924587980689,0.022917707119471727,0.513681592039801,13.593327415784513,1.0,0.021231754414995575,1.9785612437663307,0.9696971614715508,0.3852611940298507,0.4945822358794264,0.5600713393385495,CHARLOTTE BAG SUKI DESIGN,WOODLAND CHARLOTTE BAG,CHARLOTTE BAG SUKI DESIGN → WOODLAND CHARLOTTE BAG
frozenset({'STRAWBERRY CHARLOTTE BAG'}),frozenset({'RED RETROSPOT CHARLOTTE BAG'}),0.03734531934964763,0.050108207091726316,0.025414793851617556,0.6805349182763745,13.581306491980671,1.0,0.02354348685573876,2.973382216871015,0.9623070451975637,0.409660107334526,0.6636826593210974,0.5938665732024175,STRAWBERRY CHARLOTTE BAG,RED RETROSPOT CHARLOTTE BAG,STRAWBERRY CHARLOTTE BAG → RED RETROSPOT CHARLOTTE BAG
frozenset({'RED RETROSPOT CHARLOTTE BAG'}),frozenset({'STRAWBERRY CHARLOTTE BAG'}),0.050108207091726316,0.03734531934964763,0.025414793851617556,0.5071982281284607,13.58130649198067,1.0,0.02354348685573876,1.953431857589367,0.9752367461203024,0.409660107334526,0.4880804282397389,0.5938665732024175,RED RETROSPOT CHARLOTTE BAG,STRAWBERRY CHARLOTTE BAG,RED RETROSPOT CHARLOTTE BAG → STRAWBERRY CHARLOTTE BAG
frozenset({'HOT WATER BOTTLE I AM SO POORLY'}),frozenset({'CHOCOLATE HOT WATER BOTTLE'}),0.035236668331391156,0.04550246934132401,0.021031019366294878,0.5968503937007874,13.116879201075477,1.0,0.01942766394585535,2.3676012967510127,0.9575015168544613,0.35223048327137546,0.5776315879822039,0.5295227578260034,HOT WATER BOTTLE I AM SO POORLY,CHOCOLATE HOT WATER BOTTLE,HOT WATER BOTTLE I AM SO POORLY → CHOCOLATE HOT WATER BOTTLE
frozenset({'STRAWBERRY CHARLOTTE BAG'}),frozenset({'CHARLOTTE BAG SUKI DESIGN'}),0.03734531934964763,0.04461461628100549,0.02180789079407358,0.5839524517087668,13.088814841099111,1.0,0.020141743701397444,2.296337011581726,0.9594290738136433,0.36254612546125464,0.5645238503945917,0.5363792109290102,STRAWBERRY CHARLOTTE BAG,CHARLOTTE BAG SUKI DESIGN,STRAWBERRY CHARLOTTE BAG → CHARLOTTE BAG SUKI DESIGN
frozenset({'CHARLOTTE BAG PINK POLKADOT'}),frozenset({'CHARLOTTE BAG SUKI DESIGN'}),0.03734531934964763,0.04461461628100549,0.021308473447644416,0.5705794947994057,12.789070989776233,1.0,0.01964232635496828,2.224824786307555,0.9575689560756283,0.35132662397072284,0.5505264027287037,0.5240957175489567,CHARLOTTE BAG PINK POLKADOT,CHARLOTTE BAG SUKI DESIGN,CHARLOTTE BAG PINK POLKADOT → CHARLOTTE BAG SUKI DESIGN
frozenset({'WOODLAND CHARLOTTE BAG'}),frozenset({'RED RETROSPOT CHARLOTTE BAG'}),0.03778924587980689,0.050108207091726316,0.023861050996060153,0.631424375917768,12.601216698133,1.0,0.021967499637674623,2.577196458049938,0.9567993079584776,0.37261698440207974,0.6119814626950635,0.5538074260541221,WOODLAND CHARLOTTE BAG,RED RETROSPOT CHARLOTTE BAG,WOODLAND CHARLOTTE BAG → RED RETROSPOT CHARLOTTE BAG
frozenset({'DOTCOM POSTAGE'}),frozenset({'JUMBO BAG WOODLAND ANIMALS'}),0.03917651628655457,0.04078574995838189,0.020032184673436548,0.5113314447592069,12.537012198647165,1.0,0.018434341075932656,1.9629137986358913,0.957757792508537,0.3342592592592593,0.49055327814449073,0.5012439536721205,DOTCOM POSTAGE,JUMBO BAG WOODLAND ANIMALS,DOTCOM POSTAGE → JUMBO BAG WOODLAND ANIMALS
frozenset({'ALARM CLOCK BAKELIKE GREEN'}),frozenset({'ALARM CLOCK BAKELIKE RED '}),0.04860995505243882,0.05160645913101382,0.03124132955995783,0.6426940639269407,12.453752393577847,1.0,0.028732741901183724,2.6542899099080897,0.966693861313517,0.45293644408688655,0.623251402845205,0.6240352040064812,ALARM CLOCK BAKELIKE GREEN,ALARM CLOCK BAKELIKE RED ,ALARM CLOCK BAKELIKE GREEN → ALARM CLOCK BAKELIKE RED 
frozenset({'ALARM CLOCK BAKELIKE RED '}),frozenset({'ALARM CLOCK BAKELIKE GREEN'}),0.05160645913101382,0.04860995505243882,0.03124132955995783,0.6053763440860215,12.453752393577846,1.0,0.028732741901183724,2.4108794054529477,0.9697481863097681,0.45293644408688655,0.5852135956123764,0.6240352040064812,ALARM CLOCK BAKELIKE RED ,ALARM CLOCK BAKELIKE GREEN,ALARM CLOCK BAKELIKE RED  → ALARM CLOCK BAKELIKE GREEN
frozenset({'CHARLOTTE BAG SUKI DESIGN'}),frozenset({'RED RETROSPOT CHARLOTTE BAG'}),0.04461461628100549,0.050108207091726316,0.026358137728205982,0.5907960199004976,11.79040429083817,1.0,0.024122579296279454,2.32131611397645,0.9579226162636073,0.38555194805194815,0.5692099003754449,0.5584101915670816,CHARLOTTE BAG SUKI DESIGN,RED RETROSPOT CHARLOTTE BAG,CHARLOTTE BAG SUKI DESIGN → RED RETROSPOT CHARLOTTE BAG
frozenset({'RED RETROSPOT CHARLOTTE BAG'}),frozenset({'CHARLOTTE BAG SUKI DESIGN'}),0.050108207091726316,0.04461461628100549,0.026358137728205982,0.5260243632336656,11.79040429083817,1.0,0.024122579296279454,2.0156845829398415,0.9634626524249635,0.38555194805194815,0.503890634247191,0.5584101915670816,RED RETROSPOT CHARLOTTE BAG,CHARLOTTE BAG SUKI DESIGN,RED RETROSPOT CHARLOTTE BAG → CHARLOTTE BAG SUKI DESIGN
frozenset({'ALARM CLOCK BAKELIKE PINK'}),frozenset({'ALARM CLOCK BAKELIKE RED '}),0.036401975473059206,0.05160645913101382,0.02180789079407358,0.5990853658536586,11.608728363493313,1.0,0.019929313734534986,2.3655747635363307,0.9483808573444436,0.3294216261525566,0.5772697547275631,0.5108330055074745,ALARM CLOCK BAKELIKE PINK,ALARM CLOCK BAKELIKE RED ,ALARM CLOCK BAKELIKE PINK → ALARM CLOCK BAKELIKE RED 
frozenset({'PAPER CHAIN KIT VINTAGE CHRISTMAS'}),"frozenset({""PAPER CHAIN KIT 50'S CHRISTMAS ""})",0.04439265301592586,0.062427168303645746,0.029854059153210145,0.6725000000000001,10.772553333333335,1.0,0.027082751531939595,2.8628178067064263,0.9493140669222695,0.38788752703677004,0.6506938032670456,0.5753611111111112,PAPER CHAIN KIT VINTAGE CHRISTMAS,PAPER CHAIN KIT 50'S CHRISTMAS ,PAPER CHAIN KIT VINTAGE CHRISTMAS → PAPER CHAIN KIT 50'S CHRISTMAS 
frozenset({'WOODEN FRAME ANTIQUE WHITE '}),frozenset({'WOODEN PICTURE FRAME WHITE FINISH'}),0.0522723489262527,0.05970811830642029,0.029299150990511072,0.5605095541401275,9.387493192527172,1.0,0.026178067396667892,2.139504716317276,0.9427553241886633,0.35436241610738256,0.5326021053502058,0.5256079369213649,WOODEN FRAME ANTIQUE WHITE ,WOODEN PICTURE FRAME WHITE FINISH,WOODEN FRAME ANTIQUE WHITE  → WOODEN PICTURE FRAME WHITE FINISH
"frozenset({'JUMBO BAG RED RETROSPOT', 'JUMBO SHOPPER VINTAGE RED PAISLEY'})",frozenset({'JUMBO STORAGE BAG SUKI'}),0.03645746628932912,0.06270462238499529,0.021308473447644416,0.5844748858447488,9.321081343193113,1.0,0.01902242179085834,2.2556888757987474,0.9264939314098134,0.27369921596578756,0.5566764500508092,0.46214894734715317,"JUMBO BAG RED RETROSPOT, JUMBO SHOPPER VINTAGE RED PAISLEY",JUMBO STORAGE BAG SUKI,"JUMBO BAG RED RETROSPOT, JUMBO SHOPPER VINTAGE RED PAISLEY → JUMBO STORAGE BAG SUKI"
frozenset({'JUMBO BAG WOODLAND ANIMALS'}),frozenset({'JUMBO STORAGE BAG SUKI'}),0.04078574995838189,0.06270462238499529,0.023583596914710615,0.5782312925170068,9.221509842875202,1.0,0.021026141864881442,2.2222971049904143,0.929466892623068,0.29513888888888884,0.5500151632495991,0.47716874360363615,JUMBO BAG WOODLAND ANIMALS,JUMBO STORAGE BAG SUKI,JUMBO BAG WOODLAND ANIMALS → JUMBO STORAGE BAG SUKI
"frozenset({'JUMBO BAG RED RETROSPOT', 'JUMBO STORAGE BAG SUKI'})",frozenset({'JUMBO BAG PINK POLKADOT'}),0.03873258975639532,0.06431385605682259,0.02247378058931247,0.5802292263610315,9.021838557594606,1.0,0.0199827383870117,2.2290407115096853,0.9249849090946668,0.27892561983471076,0.5513765204751601,0.46483419903038636,"JUMBO BAG RED RETROSPOT, JUMBO STORAGE BAG SUKI",JUMBO BAG PINK POLKADOT,"JUMBO BAG RED RETROSPOT, JUMBO STORAGE BAG SUKI → JUMBO BAG PINK POLKADOT"
frozenset({'DOTCOM POSTAGE'}),frozenset({'JUMBO STORAGE BAG SUKI'}),0.03917651628655457,0.06270462238499529,0.021918872426613396,0.5594900849858357,8.922629045601544,1.0,0.019462323766505373,2.1277509215311685,0.9241295869170288,0.2741151977793199,0.5300201776999435,0.45452380355486477,DOTCOM POSTAGE,JUMBO STORAGE BAG SUKI,DOTCOM POSTAGE → JUMBO STORAGE BAG SUKI
"frozenset({'JUMBO BAG RED RETROSPOT', 'JUMBO STORAGE BAG SUKI'})",frozenset({'JUMBO SHOPPER VINTAGE RED PAISLEY'}),0.03873258975639532,0.062871094833805,0.021308473447644416,0.5501432664756447,8.750336986017293,1.0,0.01887331312391122,2.0831718974713507,0.9214071730262271,0.2653766413268832,0.5199628022949784,0.4445332395926326,"JUMBO BAG RED RETROSPOT, JUMBO STORAGE BAG SUKI",JUMBO SHOPPER VINTAGE RED PAISLEY,"JUMBO BAG RED RETROSPOT, JUMBO STORAGE BAG SUKI → JUMBO SHOPPER VINTAGE RED PAISLEY"
frozenset({'60 TEATIME FAIRY CAKE CASES'}),frozenset({'PACK OF 72 RETROSPOT CAKE CASES'}),0.04178458465124022,0.06264913156872537,0.0226957438543921,0.5431606905710492,8.66988379520007,1.0,0.02007797591303201,2.0518174532812496,0.923235199668338,0.2776646300067889,0.5126272084288941,0.45271409196400114,60 TEATIME FAIRY CAKE CASES,PACK OF 72 RETROSPOT CAKE CASES,60 TEATIME FAIRY CAKE CASES → PACK OF 72 RETROSPOT CAKE CASES
"frozenset({'JUMBO BAG RED RETROSPOT', 'JUMBO SHOPPER VINTAGE RED PAISLEY'})",frozenset({'JUMBO BAG PINK POLKADOT'}),0.03645746628932912,0.06431385605682259,0.020309638754786082,0.5570776255707762,8.661860129776496,1.0,0.017964918515657707,2.112528510552122,0.9180200414651003,0.25241379310344825,0.526633607544239,0.43643354962749337,"JUMBO BAG RED RETROSPOT, JUMBO SHOPPER VINTAGE RED PAISLEY",JUMBO BAG PINK POLKADOT,"JUMBO BAG RED RETROSPOT, JUMBO SHOPPER VINTAGE RED PAISLEY → JUMBO BAG PINK POLKADOT"
frozenset({'JUMBO STORAGE BAG SKULLS'}),frozenset({'JUMBO STORAGE BAG SUKI'}),0.03795571832861661,0.06270462238499529,0.020254147938516175,0.533625730994152,8.510149821456295,1.0,0.017874148953369026,2.0097493363280976,0.9173104319607838,0.25189786059351277,0.5024255105230959,0.42831729027583704,JUMBO STORAGE BAG SKULLS,JUMBO STORAGE BAG SUKI,JUMBO STORAGE BAG SKULLS → JUMBO STORAGE BAG SUKI
frozenset({'JUMBO BAG WOODLAND ANIMALS'}),frozenset({'JUMBO BAG PINK POLKADOT'}),0.04078574995838189,0.06431385605682259,0.02202985405915321,0.5401360544217687,8.39843989364512,1.0,0.01940676520716028,2.0347021177462588,0.9183873847329459,0.2651970607882432,0.5085275671174649,0.441336361982239,JUMBO BAG WOODLAND ANIMALS,JUMBO BAG PINK POLKADOT,JUMBO BAG WOODLAND ANIMALS → JUMBO BAG PINK POLKADOT
"frozenset({'JUMBO BAG RED RETROSPOT', 'JUMBO BAG PINK POLKADOT'})",frozenset({'JUMBO STORAGE BAG SUKI'}),0.04356029077187725,0.06270462238499529,0.02247378058931247,0.5159235668789809,8.227839467899216,1.0,0.019742349005481313,1.9362549248099439,0.9184702417277648,0.26821192052980136,0.4835390799080051,0.4371653232624993,"JUMBO BAG PINK POLKADOT, JUMBO BAG RED RETROSPOT",JUMBO STORAGE BAG SUKI,"JUMBO BAG PINK POLKADOT, JUMBO BAG RED RETROSPOT → JUMBO STORAGE BAG SUKI"
frozenset({'HEART OF WICKER LARGE'}),frozenset({'HEART OF WICKER SMALL'}),0.0507186060706953,0.06459131013817214,0.02680206425836524,0.5284463894967176,8.18138521058449,1.0,0.02352608304387718,1.983674112607217,0.924669244764502,0.30282131661442,0.4958849371252505,0.4716974215524825,HEART OF WICKER LARGE,HEART OF WICKER SMALL,HEART OF WICKER LARGE → HEART OF WICKER SMALL
frozenset({'DOTCOM POSTAGE'}),frozenset({'JUMBO SHOPPER VINTAGE RED PAISLEY'}),0.03917651628655457,0.062871094833805,0.02014316630597636,0.5141643059490085,8.1780714541104,1.0,0.01768009583526628,1.9289008951817308,0.913509918707724,0.24593495934959353,0.4815700472232996,0.4172763277317858,DOTCOM POSTAGE,JUMBO SHOPPER VINTAGE RED PAISLEY,DOTCOM POSTAGE → JUMBO SHOPPER VINTAGE RED PAISLEY
frozenset({'JUMBO BAG WOODLAND ANIMALS'}),frozenset({'JUMBO SHOPPER VINTAGE RED PAISLEY'}),0.04078574995838189,0.062871094833805,0.020753565284945343,0.508843537414966,8.093441648504063,1.0,0.018189320531444057,1.9080048346181533,0.913709496294179,0.250334672021419,0.4758923133440966,0.41947031239680344,JUMBO BAG WOODLAND ANIMALS,JUMBO SHOPPER VINTAGE RED PAISLEY,JUMBO BAG WOODLAND ANIMALS → JUMBO SHOPPER VINTAGE RED PAISLEY
frozenset({'LUNCH BAG PINK POLKADOT'}),frozenset({'LUNCH BAG  BLACK SKULL.'}),0.05582376116752678,0.06747683258420731,0.028966206092891626,0.5188866799204771,7.689849390499111,1.0,0.025199395506369647,1.9382609636782797,0.9213941271111921,0.30705882352941183,0.48407360064545774,0.47408149785497544,LUNCH BAG PINK POLKADOT,LUNCH BAG  BLACK SKULL.,LUNCH BAG PINK POLKADOT → LUNCH BAG  BLACK SKULL.
"frozenset({'JUMBO BAG PINK POLKADOT', 'JUMBO SHOPPER VINTAGE RED PAISLEY'})",frozenset({'JUMBO BAG RED RETROSPOT'}),0.02519283058653793,0.10737472948227068,0.020309638754786082,0.8061674008810572,7.507980739678311,1.0,0.0176045653856639,4.605134918352829,0.8892101154642601,0.1809194265941671,0.7828510960635044,0.49765734385138133,"JUMBO BAG PINK POLKADOT, JUMBO SHOPPER VINTAGE RED PAISLEY",JUMBO BAG RED RETROSPOT,"JUMBO BAG PINK POLKADOT, JUMBO SHOPPER VINTAGE RED PAISLEY → JUMBO BAG RED RETROSPOT"
"frozenset({'JUMBO BAG PINK POLKADOT', 'JUMBO STORAGE BAG SUKI'})",frozenset({'JUMBO BAG RED RETROSPOT'}),0.0280228622163032,0.10737472948227068,0.02247378058931247,0.801980198019802,7.468984572875892,1.0,0.01946483333951797,4.507757616114534,0.8910837075943265,0.19901719901719905,0.7781602106499349,0.5056412618005987,"JUMBO BAG PINK POLKADOT, JUMBO STORAGE BAG SUKI",JUMBO BAG RED RETROSPOT,"JUMBO BAG PINK POLKADOT, JUMBO STORAGE BAG SUKI → JUMBO BAG RED RETROSPOT"
frozenset({'LUNCH BAG PINK POLKADOT'}),frozenset({'LUNCH BAG RED RETROSPOT'}),0.05582376116752678,0.07724321624771101,0.03074191221352866,0.5506958250497017,7.129374614382668,1.0,0.026429905357904817,2.0537462930415984,0.9105664889018078,0.30043383947939256,0.5130849397570915,0.47434216539841406,LUNCH BAG PINK POLKADOT,LUNCH BAG RED RETROSPOT,LUNCH BAG PINK POLKADOT → LUNCH BAG RED RETROSPOT
"frozenset({'JUMBO STORAGE BAG SUKI', 'JUMBO SHOPPER VINTAGE RED PAISLEY'})",frozenset({'JUMBO BAG RED RETROSPOT'}),0.02846678874646246,0.10737472948227068,0.021308473447644416,0.7485380116959065,6.971267963189629,1.0,0.018251859706764063,3.5497423548495757,0.8816518698594928,0.186046511627907,0.7182894136996103,0.47349381204950364,"JUMBO SHOPPER VINTAGE RED PAISLEY, JUMBO STORAGE BAG SUKI",JUMBO BAG RED RETROSPOT,"JUMBO SHOPPER VINTAGE RED PAISLEY, JUMBO STORAGE BAG SUKI → JUMBO BAG RED RETROSPOT"
frozenset({'LUNCH BAG WOODLAND'}),frozenset({'LUNCH BAG RED RETROSPOT'}),0.048277010154819375,0.07724321624771101,0.025303812219077744,0.5241379310344828,6.785552913198574,1.0,0.02157474068389609,1.9391265745519117,0.8958784051259863,0.25249169435215946,0.4843039061382172,0.42586206896551726,LUNCH BAG WOODLAND,LUNCH BAG RED RETROSPOT,LUNCH BAG WOODLAND → LUNCH BAG RED RETROSPOT
frozenset({'LUNCH BAG SUKI DESIGN '}),frozenset({'LUNCH BAG RED RETROSPOT'}),0.05665612341157539,0.07724321624771101,0.028633261195272184,0.5053868756121449,6.542799486642574,1.0,0.024256960002834865,1.8656132202199742,0.8980396716826267,0.27200843437005795,0.46398321519071883,0.43803826539227936,LUNCH BAG SUKI DESIGN ,LUNCH BAG RED RETROSPOT,LUNCH BAG SUKI DESIGN  → LUNCH BAG RED RETROSPOT
frozenset({'DOTCOM POSTAGE'}),frozenset({'JUMBO BAG RED RETROSPOT'}),0.03917651628655457,0.10737472948227068,0.026913045890905055,0.6869688385269122,6.397863276017304,1.0,0.022706478052578485,2.8515540316086736,0.8780986630387216,0.22495361781076068,0.6493140270479599,0.4688074166794768,DOTCOM POSTAGE,JUMBO BAG RED RETROSPOT,DOTCOM POSTAGE → JUMBO BAG RED RETROSPOT
frozenset({'JUMBO BAG PINK POLKADOT'}),frozenset({'JUMBO BAG RED RETROSPOT'}),0.06431385605682259,0.10737472948227068,0.04356029077187725,0.6773080241587576,6.307890389335902,1.0,0.03665460787581423,2.766183659171252,0.8993062454529728,0.33997401472498917,0.6384911042748335,0.5414963893403607,JUMBO BAG PINK POLKADOT,JUMBO BAG RED RETROSPOT,JUMBO BAG PINK POLKADOT → JUMBO BAG RED RETROSPOT
frozenset({'JUMBO BAG SCANDINAVIAN BLUE PAISLEY'}),frozenset({'JUMBO BAG RED RETROSPOT'}),0.035236668331391156,0.10737472948227068,0.023750069363520337,0.674015748031496,6.2772288347677465,1.0,0.019966541633580717,2.7382466027959325,0.8713992405534154,0.19981325863678806,0.6348027971699359,0.447602189261226,JUMBO BAG SCANDINAVIAN BLUE PAISLEY,JUMBO BAG RED RETROSPOT,JUMBO BAG SCANDINAVIAN BLUE PAISLEY → JUMBO BAG RED RETROSPOT
frozenset({'JUMBO BAG STRAWBERRY'}),frozenset({'JUMBO BAG RED RETROSPOT'}),0.04378225403695688,0.10737472948227068,0.028633261195272184,0.6539923954372624,6.090747782002535,1.0,0.023932153511929885,2.579785122485306,0.8740860027855153,0.23369565217391305,0.6123708167459223,0.4603295310519645,JUMBO BAG STRAWBERRY,JUMBO BAG RED RETROSPOT,JUMBO BAG STRAWBERRY → JUMBO BAG RED RETROSPOT
frozenset({'JUMBO BAG WOODLAND ANIMALS'}),frozenset({'JUMBO BAG RED RETROSPOT'}),0.04078574995838189,0.10737472948227068,0.026302646911936074,0.6448979591836734,6.006049675684227,1.0,0.021923288043423285,2.513714842262571,0.8689416473710341,0.2158469945355191,0.6021824022410157,0.44492959974687546,JUMBO BAG WOODLAND ANIMALS,JUMBO BAG RED RETROSPOT,JUMBO BAG WOODLAND ANIMALS → JUMBO BAG RED RETROSPOT
frozenset({'JUMBO BAG SPACEBOY DESIGN'}),frozenset({'JUMBO BAG RED RETROSPOT'}),0.03451528771988236,0.10737472948227068,0.021641418345263858,0.6270096463022508,5.839452628430419,1.0,0.01793534866333875,2.393159130439774,0.8583782445498634,0.17997231195200736,0.5821422874557293,0.414280016949575,JUMBO BAG SPACEBOY DESIGN,JUMBO BAG RED RETROSPOT,JUMBO BAG SPACEBOY DESIGN → JUMBO BAG RED RETROSPOT
frozenset({'JUMBO  BAG BAROQUE BLACK WHITE'}),frozenset({'JUMBO BAG RED RETROSPOT'}),0.05049664280561567,0.10737472948227068,0.03162976527384718,0.6263736263736264,5.833529261436238,1.0,0.026207701912831345,2.3890852828562754,0.8726427136744908,0.2505494505494505,0.5814297600944375,0.4604736348922396,JUMBO  BAG BAROQUE BLACK WHITE,JUMBO BAG RED RETROSPOT,JUMBO  BAG BAROQUE BLACK WHITE → JUMBO BAG RED RETROSPOT
frozenset({'JUMBO STORAGE BAG SUKI'}),frozenset({'JUMBO BAG RED RETROSPOT'}),0.06270462238499529,0.10737472948227068,0.03873258975639532,0.6176991150442478,5.752741990807436,1.0,0.031999697890518514,2.3348762863079493,0.8814402271500106,0.2948880439374736,0.5717117836760157,0.48921131462806705,JUMBO STORAGE BAG SUKI,JUMBO BAG RED RETROSPOT,JUMBO STORAGE BAG SUKI → JUMBO BAG RED RETROSPOT
frozenset({'JUMBO BAG OWLS'}),frozenset({'JUMBO BAG RED RETROSPOT'}),0.034237833638532826,0.10737472948227068,0.020531602019865713,0.59967585089141,5.58488811830186,1.0,0.016855323894869264,2.2297562425483357,0.8500492275773821,0.1695692025664528,0.5515204842045318,0.39544516058782386,JUMBO BAG OWLS,JUMBO BAG RED RETROSPOT,JUMBO BAG OWLS → JUMBO BAG RED RETROSPOT
frozenset({'JUMBO BAG PINK VINTAGE PAISLEY'}),frozenset({'JUMBO BAG RED RETROSPOT'}),0.04522501525997447,0.10737472948227068,0.027079518339714777,0.5987730061349693,5.576479764112808,1.0,0.022223494560343456,2.2247388240732398,0.8595484943300373,0.21573828470380194,0.5505090354070796,0.4254846942819549,JUMBO BAG PINK VINTAGE PAISLEY,JUMBO BAG RED RETROSPOT,JUMBO BAG PINK VINTAGE PAISLEY → JUMBO BAG RED RETROSPOT
frozenset({'RED HANGING HEART T-LIGHT HOLDER'}),frozenset({'WHITE HANGING HEART T-LIGHT HOLDER'}),0.03906553465401476,0.11997114477553965,0.025969702014316632,0.6647727272727274,5.541105142544783,1.0,0.021282965100605965,2.625170822364493,0.8528475303898299,0.19516263552960803,0.6190724079817026,0.440619481120175,RED HANGING HEART T-LIGHT HOLDER,WHITE HANGING HEART T-LIGHT HOLDER,RED HANGING HEART T-LIGHT HOLDER → WHITE HANGING HEART T-LIGHT HOLDER
frozenset({'JUMBO STORAGE BAG SKULLS'}),frozenset({'JUMBO BAG RED RETROSPOT'}),0.03795571832861661,0.10737472948227068,0.02247378058931247,0.5921052631578948,5.514381884944921,1.0,0.018398295601472,2.1883716309466914,0.8509546057564746,0.18292682926829268,0.5430392233848329,0.4007037943696451,JUMBO STORAGE BAG SKULLS,JUMBO BAG RED RETROSPOT,JUMBO STORAGE BAG SKULLS → JUMBO BAG RED RETROSPOT
frozenset({'JUMBO SHOPPER VINTAGE RED PAISLEY'}),frozenset({'JUMBO BAG RED RETROSPOT'}),0.062871094833805,0.10737472948227068,0.03645746628932912,0.5798764342453664,5.4004926209487065,1.0,0.02970669948929512,2.1246731754129993,0.8694979980921852,0.2725010369141435,0.5293393771935688,0.4597056589831483,JUMBO SHOPPER VINTAGE RED PAISLEY,JUMBO BAG RED RETROSPOT,JUMBO SHOPPER VINTAGE RED PAISLEY → JUMBO BAG RED RETROSPOT
frozenset({'JUMBO BAG APPLES'}),frozenset({'JUMBO BAG RED RETROSPOT'}),0.049109372398867986,0.10737472948227068,0.028189334665112923,0.5740112994350283,5.345869574738318,1.0,0.022916229088740383,2.0954200647432106,0.8549244993272901,0.21972318339100344,0.5227687198258514,0.4182717995883152,JUMBO BAG APPLES,JUMBO BAG RED RETROSPOT,JUMBO BAG APPLES → JUMBO BAG RED RETROSPOT
frozenset({'RECYCLING BAG RETROSPOT '}),frozenset({'JUMBO BAG RED RETROSPOT'}),0.039398479551634204,0.10737472948227068,0.022307308140502746,0.5661971830985916,5.273095316082542,1.0,0.01807690705663325,2.0576751365830774,0.8435944016271252,0.1792242532322782,0.5140146361195896,0.38697456054154383,RECYCLING BAG RETROSPOT ,JUMBO BAG RED RETROSPOT,RECYCLING BAG RETROSPOT  → JUMBO BAG RED RETROSPOT
